CREATE DATABASE  IF NOT EXISTS `rtbm` /*!40100 DEFAULT CHARACTER SET latin1 */;
USE `rtbm`;
-- MySQL dump 10.13  Distrib 5.6.13, for Win32 (x86)
--
-- Host: localhost    Database: rtbm
-- ------------------------------------------------------
-- Server version	5.6.14

/*!40101 SET @OLD_CHARACTER_SET_CLIENT=@@CHARACTER_SET_CLIENT */;
/*!40101 SET @OLD_CHARACTER_SET_RESULTS=@@CHARACTER_SET_RESULTS */;
/*!40101 SET @OLD_COLLATION_CONNECTION=@@COLLATION_CONNECTION */;
/*!40101 SET NAMES utf8 */;
/*!40103 SET @OLD_TIME_ZONE=@@TIME_ZONE */;
/*!40103 SET TIME_ZONE='+00:00' */;
/*!40014 SET @OLD_UNIQUE_CHECKS=@@UNIQUE_CHECKS, UNIQUE_CHECKS=0 */;
/*!40014 SET @OLD_FOREIGN_KEY_CHECKS=@@FOREIGN_KEY_CHECKS, FOREIGN_KEY_CHECKS=0 */;
/*!40101 SET @OLD_SQL_MODE=@@SQL_MODE, SQL_MODE='NO_AUTO_VALUE_ON_ZERO' */;
/*!40111 SET @OLD_SQL_NOTES=@@SQL_NOTES, SQL_NOTES=0 */;

--
-- Table structure for table `m_n_domain`
--

DROP TABLE IF EXISTS `m_n_domain`;
/*!40101 SET @saved_cs_client     = @@character_set_client */;
/*!40101 SET character_set_client = utf8 */;
CREATE TABLE `m_n_domain` (
  `ID` int(10) NOT NULL AUTO_INCREMENT,
  `N` float NOT NULL,
  `M` float NOT NULL,
  PRIMARY KEY (`ID`)
) ENGINE=MyISAM AUTO_INCREMENT=32 DEFAULT CHARSET=latin1;
/*!40101 SET character_set_client = @saved_cs_client */;

--
-- Dumping data for table `m_n_domain`
--

LOCK TABLES `m_n_domain` WRITE;
/*!40000 ALTER TABLE `m_n_domain` DISABLE KEYS */;
INSERT INTO `m_n_domain` VALUES (1,-2029.78,0),(2,-1895.17,96.4807),(3,-1673.87,254.95),(4,-1401.65,446.55),(5,-1078.88,660.403),(6,-241.319,1188.31),(7,3104.27,2887.33),(8,4622.78,3468.79),(9,7466.71,4210.28),(10,13342.2,4572.35),(11,15880.5,4222.35),(12,18998.7,3480.02),(13,22632.8,2136.98),(14,24958.6,1016.27),(15,26441,293.541),(16,27023,0),(17,26441,-293.541),(18,24958.6,-1016.27),(19,22632.8,-2136.98),(20,18998.7,-3480.02),(21,15880.5,-4222.35),(22,13342.2,-4572.35),(23,7466.71,-4210.28),(24,4622.78,-3468.79),(25,3104.27,-2887.33),(26,-241.319,-1188.31),(27,-1078.88,-660.403),(28,-1401.65,-446.55),(29,-1673.87,-254.95),(30,-1895.17,-96.4807),(31,-2029.78,0);
/*!40000 ALTER TABLE `m_n_domain` ENABLE KEYS */;
UNLOCK TABLES;

--
-- Table structure for table `movies`
--

DROP TABLE IF EXISTS `movies`;
/*!40101 SET @saved_cs_client     = @@character_set_client */;
/*!40101 SET character_set_client = utf8 */;
CREATE TABLE `movies` (
  `ID` int(11) NOT NULL AUTO_INCREMENT,
  `path` varchar(250) NOT NULL,
  `type` smallint(3) NOT NULL,
  `timestamp` timestamp NOT NULL DEFAULT CURRENT_TIMESTAMP ON UPDATE CURRENT_TIMESTAMP,
  `camera` tinyint(4) NOT NULL,
  PRIMARY KEY (`ID`),
  UNIQUE KEY `path` (`path`)
) ENGINE=InnoDB DEFAULT CHARSET=utf8;
/*!40101 SET character_set_client = @saved_cs_client */;

--
-- Dumping data for table `movies`
--

LOCK TABLES `movies` WRITE;
/*!40000 ALTER TABLE `movies` DISABLE KEYS */;
/*!40000 ALTER TABLE `movies` ENABLE KEYS */;
UNLOCK TABLES;

--
-- Table structure for table `parameter_data`
--

DROP TABLE IF EXISTS `parameter_data`;
/*!40101 SET @saved_cs_client     = @@character_set_client */;
/*!40101 SET character_set_client = utf8 */;
CREATE TABLE `parameter_data` (
  `ID` int(11) NOT NULL AUTO_INCREMENT,
  `parameters_id` int(11) NOT NULL,
  `value` float NOT NULL,
  `user_id` int(11) NOT NULL,
  `timestamp` timestamp NOT NULL DEFAULT CURRENT_TIMESTAMP ON UPDATE CURRENT_TIMESTAMP,
  PRIMARY KEY (`ID`),
  KEY `timestamp_index` (`timestamp`)
) ENGINE=InnoDB AUTO_INCREMENT=841 DEFAULT CHARSET=utf8;
/*!40101 SET character_set_client = @saved_cs_client */;

--
-- Dumping data for table `parameter_data`
--

LOCK TABLES `parameter_data` WRITE;
/*!40000 ALTER TABLE `parameter_data` DISABLE KEYS */;
INSERT INTO `parameter_data` VALUES (62,59,1.5,1,'2013-11-20 08:02:58'),(63,60,9.5,1,'2013-11-20 08:02:58'),(64,61,17.5,1,'2013-11-20 08:02:58'),(65,62,10,1,'2013-11-20 08:02:58'),(66,63,7.3,1,'2013-11-20 08:02:58'),(67,64,7.5,1,'2013-11-20 08:02:58'),(68,65,3.65,1,'2013-11-20 08:02:58'),(69,66,0,1,'2013-11-20 08:02:58'),(70,67,8.5,1,'2013-11-20 08:02:58'),(71,68,6,1,'2013-11-20 08:02:58'),(72,69,2,1,'2013-11-20 08:02:58'),(73,70,1.2,1,'2013-11-20 08:02:58'),(74,71,168,1,'2013-11-20 08:02:59'),(75,72,177,1,'2013-11-20 08:02:59'),(76,73,1,1,'2013-11-20 08:02:59'),(77,74,0.5,1,'2013-11-20 08:02:59'),(78,75,2.25,1,'2013-11-20 08:02:59'),(79,76,1.91,1,'2013-11-20 08:02:59'),(80,77,3.41,1,'2013-11-20 08:02:59'),(81,78,2.4,1,'2013-11-20 08:02:59'),(82,79,2,1,'2013-11-20 08:02:59'),(83,80,1000,1,'2013-11-20 08:02:59'),(84,81,0.5,1,'2013-11-20 08:02:59'),(85,82,-0.0014,1,'2013-11-20 08:02:59'),(86,83,0.0341,1,'2013-11-20 08:02:59'),(87,84,0.052,1,'2013-11-20 08:02:59'),(88,85,17,1,'2013-11-20 08:03:00'),(89,86,46,1,'2013-11-20 08:03:00'),(90,87,-902,1,'2013-11-20 08:03:00'),(91,88,4658,1,'2013-11-20 08:03:00'),(92,89,22,1,'2013-11-20 08:03:00'),(93,90,60,1,'2013-11-20 08:03:00'),(94,91,-1350,1,'2013-11-20 08:03:00'),(95,92,8000,1,'2013-11-20 08:03:00'),(96,93,25.3,1,'2013-11-20 08:03:00'),(97,94,96,1,'2013-11-20 08:03:00'),(98,95,-2800,1,'2013-11-20 08:03:00'),(99,96,22500,1,'2013-11-20 08:03:00'),(100,97,10710,1,'2013-11-20 08:03:00'),(101,98,840,1,'2013-11-21 22:28:00'),(102,99,267,1,'2013-11-21 22:28:39'),(103,100,504,1,'2013-11-21 22:29:02'),(104,101,44,1,'2013-11-20 08:03:01'),(105,102,9720,1,'2013-11-20 08:03:01'),(106,103,4024,1,'2013-11-20 08:03:01'),(107,104,4368,1,'2013-11-20 08:03:01'),(108,105,3908,1,'2013-11-20 08:03:01'),(109,106,3116,1,'2013-11-20 08:03:01'),(110,107,8077,1,'2013-11-20 08:03:01'),(111,108,3015,1,'2013-11-20 08:03:01'),(112,109,1979,1,'2013-11-20 08:03:01'),(113,110,2121,1,'2013-11-20 08:03:01'),(114,111,25756,1,'2013-11-20 08:03:01'),(115,112,206,1,'2013-11-20 08:03:01'),(116,113,3.3,1,'2013-11-20 08:03:02'),(117,113,3.4,1,'2013-12-17 23:23:03'),(118,113,3.3,1,'2013-12-17 23:25:20'),(119,113,3.3,1,'2013-12-17 23:25:20'),(120,113,3.3,1,'2013-12-17 23:25:20'),(121,113,3.3,1,'2013-12-17 23:25:20'),(122,113,3.3,1,'2013-12-17 23:25:21'),(123,113,3.3,1,'2013-12-17 23:25:21'),(124,113,3.3,1,'2013-12-17 23:25:21'),(125,113,3.3,1,'2013-12-17 23:25:21'),(126,113,3.3,1,'2013-12-17 23:25:21'),(127,113,3.3,1,'2013-12-17 23:25:21'),(128,113,3.3,1,'2013-12-17 23:25:21'),(129,113,3.3,1,'2013-12-17 23:25:21'),(130,113,3.3,1,'2013-12-17 23:25:21'),(131,113,3.3,1,'2013-12-17 23:25:21'),(132,113,3.3,1,'2013-12-17 23:25:21'),(133,113,3.3,1,'2013-12-17 23:25:21'),(134,113,3.3,1,'2013-12-17 23:25:21'),(135,113,3.3,1,'2013-12-17 23:25:21'),(136,113,3.3,1,'2013-12-17 23:25:21'),(137,113,3.3,1,'2013-12-17 23:25:21'),(138,113,3.3,1,'2013-12-17 23:25:21'),(139,113,3.3,1,'2013-12-17 23:25:21'),(140,113,3.3,1,'2013-12-17 23:25:21'),(141,113,3.3,1,'2013-12-17 23:25:21'),(142,113,3.3,1,'2013-12-17 23:25:21'),(143,113,3.3,1,'2013-12-17 23:25:21'),(144,113,3.3,1,'2013-12-17 23:25:21'),(145,113,3.3,1,'2013-12-17 23:25:22'),(146,113,3.3,1,'2013-12-17 23:25:22'),(147,113,3.3,1,'2013-12-17 23:25:22'),(148,113,3.3,1,'2013-12-17 23:25:22'),(149,113,3.3,1,'2013-12-17 23:25:22'),(150,113,3.3,1,'2013-12-17 23:25:22'),(151,113,3.3,1,'2013-12-17 23:25:22'),(152,113,3.3,1,'2013-12-17 23:25:22'),(153,113,3.3,1,'2013-12-17 23:25:22'),(154,113,3.3,1,'2013-12-17 23:25:22'),(155,113,3.3,1,'2013-12-17 23:25:22'),(156,113,3.3,1,'2013-12-17 23:25:22'),(157,113,3.3,1,'2013-12-17 23:25:22'),(158,113,3.3,1,'2013-12-17 23:25:22'),(159,113,3.3,1,'2013-12-17 23:25:22'),(160,113,3.3,1,'2013-12-17 23:25:22'),(161,113,3.3,1,'2013-12-17 23:25:22'),(162,113,3.3,1,'2013-12-17 23:25:22'),(163,113,3.3,1,'2013-12-17 23:25:22'),(164,113,3.3,1,'2013-12-17 23:25:22'),(165,113,3.3,1,'2013-12-17 23:25:22'),(166,113,3.3,1,'2013-12-17 23:25:22'),(167,113,3.3,1,'2013-12-17 23:25:23'),(168,113,3.3,1,'2013-12-17 23:25:23'),(169,113,3.3,1,'2013-12-17 23:25:23'),(170,113,3.3,1,'2013-12-17 23:25:23'),(171,113,3.3,1,'2013-12-17 23:25:23'),(172,113,3.3,1,'2013-12-17 23:25:23'),(173,113,3.3,1,'2013-12-17 23:25:23'),(174,113,3.3,1,'2013-12-17 23:25:23'),(175,113,3.3,1,'2013-12-17 23:25:23'),(176,113,3.3,1,'2013-12-17 23:25:23'),(177,113,3.3,1,'2013-12-17 23:25:23'),(178,113,3.3,1,'2013-12-17 23:25:23'),(179,113,3.3,1,'2013-12-17 23:25:23'),(180,113,3.3,1,'2013-12-17 23:25:23'),(181,113,3.3,1,'2013-12-17 23:25:23'),(182,113,3.3,1,'2013-12-17 23:25:23'),(183,113,3.3,1,'2013-12-17 23:25:23'),(184,113,3.3,1,'2013-12-17 23:25:23'),(185,113,3.3,1,'2013-12-17 23:25:23'),(186,113,3.3,1,'2013-12-17 23:25:23'),(187,113,3.3,1,'2013-12-17 23:25:24'),(188,113,3.3,1,'2013-12-17 23:25:24'),(189,113,3.3,1,'2013-12-17 23:25:24'),(190,113,3.3,1,'2013-12-17 23:25:24'),(191,113,3.3,1,'2013-12-17 23:25:24'),(192,113,3.3,1,'2013-12-17 23:25:24'),(193,113,3.3,1,'2013-12-17 23:25:24'),(194,113,3.3,1,'2013-12-17 23:25:24'),(195,113,3.3,1,'2013-12-17 23:25:24'),(196,113,3.3,1,'2013-12-17 23:25:24'),(197,113,3.3,1,'2013-12-17 23:25:24'),(198,113,3.3,1,'2013-12-17 23:25:24'),(199,113,3.3,1,'2013-12-17 23:25:24'),(200,113,3.3,1,'2013-12-17 23:25:24'),(201,113,3.3,1,'2013-12-17 23:25:24'),(202,113,3.3,1,'2013-12-17 23:25:24'),(203,113,3.3,1,'2013-12-17 23:25:24'),(204,113,3.3,1,'2013-12-17 23:25:24'),(205,113,3.3,1,'2013-12-17 23:25:24'),(206,113,3.3,1,'2013-12-17 23:25:24'),(207,113,3.3,1,'2013-12-17 23:25:24'),(208,113,3.3,1,'2013-12-17 23:25:25'),(209,113,3.3,1,'2013-12-17 23:25:25'),(210,113,3.3,1,'2013-12-17 23:25:25'),(211,113,3.3,1,'2013-12-17 23:25:25'),(212,113,3.3,1,'2013-12-17 23:25:25'),(213,113,3.3,1,'2013-12-17 23:25:25'),(214,113,3.3,1,'2013-12-17 23:25:25'),(215,113,3.3,1,'2013-12-17 23:25:25'),(216,113,3.3,1,'2013-12-17 23:25:25'),(217,113,3.3,1,'2013-12-17 23:25:25'),(218,113,3.3,1,'2013-12-17 23:25:25'),(219,113,3.3,1,'2013-12-17 23:25:25'),(220,113,3.3,1,'2013-12-17 23:25:25'),(221,113,3.3,1,'2013-12-17 23:25:25'),(222,113,3.3,1,'2013-12-17 23:25:25'),(223,113,3.3,1,'2013-12-17 23:25:25'),(224,113,3.3,1,'2013-12-17 23:25:25'),(225,113,3.3,1,'2013-12-17 23:25:25'),(226,113,3.3,1,'2013-12-17 23:25:25'),(227,113,3.3,1,'2013-12-17 23:25:25'),(228,113,3.3,1,'2013-12-17 23:25:26'),(229,113,3.3,1,'2013-12-17 23:25:26'),(230,113,3.3,1,'2013-12-17 23:25:26'),(231,113,3.3,1,'2013-12-17 23:25:26'),(232,113,3.3,1,'2013-12-17 23:25:26'),(233,113,3.3,1,'2013-12-17 23:25:26'),(234,113,3.3,1,'2013-12-17 23:25:26'),(235,113,3.3,1,'2013-12-17 23:25:26'),(236,113,3.3,1,'2013-12-17 23:25:26'),(237,113,3.3,1,'2013-12-17 23:25:26'),(238,113,3.3,1,'2013-12-17 23:25:26'),(239,113,3.3,1,'2013-12-17 23:25:26'),(240,113,3.3,1,'2013-12-17 23:25:26'),(241,113,3.3,1,'2013-12-17 23:25:26'),(242,113,3.3,1,'2013-12-17 23:25:26'),(243,113,3.3,1,'2013-12-17 23:25:26'),(244,113,3.3,1,'2013-12-17 23:25:26'),(245,113,3.3,1,'2013-12-17 23:25:26'),(246,113,3.3,1,'2013-12-17 23:25:26'),(247,113,3.3,1,'2013-12-17 23:25:26'),(248,113,3.3,1,'2013-12-17 23:25:27'),(249,113,3.3,1,'2013-12-17 23:25:27'),(250,113,3.3,1,'2013-12-17 23:25:27'),(251,113,3.3,1,'2013-12-17 23:25:27'),(252,113,3.3,1,'2013-12-17 23:25:27'),(253,113,3.3,1,'2013-12-17 23:25:27'),(254,113,3.3,1,'2013-12-17 23:25:27'),(255,113,3.3,1,'2013-12-17 23:25:27'),(256,113,3.3,1,'2013-12-17 23:25:27'),(257,113,3.3,1,'2013-12-17 23:25:27'),(258,113,3.3,1,'2013-12-17 23:25:27'),(259,113,3.3,1,'2013-12-17 23:25:27'),(260,113,3.3,1,'2013-12-17 23:25:27'),(261,113,3.3,1,'2013-12-17 23:25:27'),(262,113,3.3,1,'2013-12-17 23:25:27'),(263,113,3.3,1,'2013-12-17 23:25:27'),(264,113,3.3,1,'2013-12-17 23:25:27'),(265,113,3.3,1,'2013-12-17 23:25:27'),(266,113,3.3,1,'2013-12-17 23:25:27'),(267,113,3.3,1,'2013-12-17 23:25:27'),(268,113,3.3,1,'2013-12-17 23:25:28'),(269,113,3.3,1,'2013-12-17 23:25:28'),(270,113,3.3,1,'2013-12-17 23:25:28'),(271,113,3.3,1,'2013-12-17 23:25:28'),(272,113,3.3,1,'2013-12-17 23:25:28'),(273,113,3.3,1,'2013-12-17 23:25:28'),(274,113,3.3,1,'2013-12-17 23:25:28'),(275,113,3.3,1,'2013-12-17 23:25:28'),(276,113,3.3,1,'2013-12-17 23:25:28'),(277,113,3.3,1,'2013-12-17 23:25:28'),(278,113,3.3,1,'2013-12-17 23:25:28'),(279,113,3.3,1,'2013-12-17 23:25:28'),(280,113,3.3,1,'2013-12-17 23:25:28'),(281,113,3.3,1,'2013-12-17 23:25:28'),(282,113,3.3,1,'2013-12-17 23:25:28'),(283,113,3.3,1,'2013-12-17 23:25:28'),(284,113,3.3,1,'2013-12-17 23:25:28'),(285,113,3.3,1,'2013-12-17 23:25:28'),(286,113,3.3,1,'2013-12-17 23:25:28'),(287,113,3.3,1,'2013-12-17 23:25:28'),(288,113,3.3,1,'2013-12-17 23:25:29'),(289,113,3.3,1,'2013-12-17 23:25:29'),(290,113,3.3,1,'2013-12-17 23:25:29'),(291,113,3.3,1,'2013-12-17 23:25:29'),(292,113,3.3,1,'2013-12-17 23:25:29'),(293,113,3.3,1,'2013-12-17 23:25:29'),(294,113,3.3,1,'2013-12-17 23:25:29'),(295,113,3.3,1,'2013-12-17 23:25:29'),(296,113,3.3,1,'2013-12-17 23:25:29'),(297,113,3.3,1,'2013-12-17 23:25:29'),(298,113,3.3,1,'2013-12-17 23:25:29'),(299,113,3.3,1,'2013-12-17 23:25:29'),(300,113,3.3,1,'2013-12-17 23:25:29'),(301,113,3.3,1,'2013-12-17 23:25:29'),(302,113,3.3,1,'2013-12-17 23:25:29'),(303,113,3.3,1,'2013-12-17 23:25:29'),(304,113,3.3,1,'2013-12-17 23:25:29'),(305,113,3.3,1,'2013-12-17 23:25:29'),(306,113,3.3,1,'2013-12-17 23:25:29'),(307,113,3.3,1,'2013-12-17 23:25:29'),(308,113,3.3,1,'2013-12-17 23:25:30'),(309,113,3.3,1,'2013-12-17 23:25:30'),(310,113,3.3,1,'2013-12-17 23:25:30'),(311,113,3.3,1,'2013-12-17 23:25:30'),(312,113,3.3,1,'2013-12-17 23:25:30'),(313,113,3.3,1,'2013-12-17 23:25:30'),(314,113,3.3,1,'2013-12-17 23:25:30'),(315,113,3.3,1,'2013-12-17 23:25:30'),(316,113,3.3,1,'2013-12-17 23:25:30'),(317,113,3.3,1,'2013-12-17 23:25:30'),(318,113,3.3,1,'2013-12-17 23:25:30'),(319,113,3.3,1,'2013-12-17 23:25:30'),(320,113,3.3,1,'2013-12-17 23:25:30'),(321,113,3.3,1,'2013-12-17 23:25:30'),(322,113,3.3,1,'2013-12-17 23:25:30'),(323,113,3.3,1,'2013-12-17 23:25:30'),(324,113,3.3,1,'2013-12-17 23:25:30'),(325,113,3.3,1,'2013-12-17 23:25:30'),(326,113,3.3,1,'2013-12-17 23:25:30'),(327,113,3.3,1,'2013-12-17 23:25:30'),(328,113,3.3,1,'2013-12-17 23:25:31'),(329,113,3.3,1,'2013-12-17 23:25:31'),(330,113,3.3,1,'2013-12-17 23:25:31'),(331,113,3.3,1,'2013-12-17 23:25:31'),(332,113,3.3,1,'2013-12-17 23:25:31'),(333,113,3.3,1,'2013-12-17 23:25:31'),(334,113,3.3,1,'2013-12-17 23:25:31'),(335,113,3.3,1,'2013-12-17 23:25:31'),(336,113,3.3,1,'2013-12-17 23:25:31'),(337,113,3.3,1,'2013-12-17 23:25:31'),(338,113,3.3,1,'2013-12-17 23:25:31'),(339,113,3.3,1,'2013-12-17 23:25:31'),(340,113,3.3,1,'2013-12-17 23:25:31'),(341,113,3.3,1,'2013-12-17 23:25:31'),(342,113,3.3,1,'2013-12-17 23:25:31'),(343,113,3.3,1,'2013-12-17 23:25:31'),(344,113,3.3,1,'2013-12-17 23:25:31'),(345,113,3.3,1,'2013-12-17 23:25:31'),(346,113,3.3,1,'2013-12-17 23:25:31'),(347,113,3.3,1,'2013-12-17 23:25:32'),(348,113,3.3,1,'2013-12-17 23:25:32'),(349,113,3.3,1,'2013-12-17 23:25:32'),(350,113,3.3,1,'2013-12-17 23:25:32'),(351,113,3.3,1,'2013-12-17 23:25:32'),(352,113,3.3,1,'2013-12-17 23:25:32'),(353,113,3.3,1,'2013-12-17 23:25:32'),(354,113,3.3,1,'2013-12-17 23:25:32'),(355,113,3.3,1,'2013-12-17 23:25:32'),(356,113,3.3,1,'2013-12-17 23:25:32'),(357,113,3.3,1,'2013-12-17 23:25:32'),(358,113,3.3,1,'2013-12-17 23:25:32'),(359,113,3.3,1,'2013-12-17 23:25:32'),(360,113,3.3,1,'2013-12-17 23:25:32'),(361,113,3.3,1,'2013-12-17 23:25:32'),(362,113,3.3,1,'2013-12-17 23:25:32'),(363,113,3.3,1,'2013-12-17 23:25:32'),(364,113,3.3,1,'2013-12-17 23:25:32'),(365,113,3.3,1,'2013-12-17 23:25:33'),(366,113,3.3,1,'2013-12-17 23:25:33'),(367,113,3.3,1,'2013-12-17 23:25:33'),(368,113,3.3,1,'2013-12-17 23:25:33'),(369,113,3.3,1,'2013-12-17 23:25:33'),(370,113,3.3,1,'2013-12-17 23:25:33'),(371,113,3.3,1,'2013-12-17 23:25:33'),(372,113,3.3,1,'2013-12-17 23:25:33'),(373,113,3.3,1,'2013-12-17 23:25:33'),(374,113,3.3,1,'2013-12-17 23:25:33'),(375,113,3.3,1,'2013-12-17 23:25:33'),(376,113,3.3,1,'2013-12-17 23:25:33'),(377,113,3.3,1,'2013-12-17 23:25:33'),(378,113,3.3,1,'2013-12-17 23:25:33'),(379,113,3.3,1,'2013-12-17 23:25:33'),(380,113,3.3,1,'2013-12-17 23:25:33'),(381,113,3.3,1,'2013-12-17 23:25:33'),(382,113,3.3,1,'2013-12-17 23:25:33'),(383,113,3.3,1,'2013-12-17 23:25:34'),(384,113,3.3,1,'2013-12-17 23:25:34'),(385,113,3.3,1,'2013-12-17 23:25:34'),(386,113,3.3,1,'2013-12-17 23:25:34'),(387,113,3.3,1,'2013-12-17 23:25:34'),(388,113,3.3,1,'2013-12-17 23:25:34'),(389,113,3.3,1,'2013-12-17 23:25:34'),(390,113,3.3,1,'2013-12-17 23:25:34'),(391,113,3.3,1,'2013-12-17 23:25:34'),(392,113,3.3,1,'2013-12-17 23:25:34'),(393,113,3.3,1,'2013-12-17 23:25:34'),(394,113,3.3,1,'2013-12-17 23:25:34'),(395,113,3.3,1,'2013-12-17 23:25:34'),(396,113,3.3,1,'2013-12-17 23:25:34'),(397,113,3.3,1,'2013-12-17 23:25:34'),(398,113,3.3,1,'2013-12-17 23:25:34'),(399,113,3.3,1,'2013-12-17 23:25:34'),(400,113,3.3,1,'2013-12-17 23:25:34'),(401,113,3.3,1,'2013-12-17 23:25:35'),(402,113,3.3,1,'2013-12-17 23:25:35'),(403,113,3.3,1,'2013-12-17 23:25:35'),(404,113,3.3,1,'2013-12-17 23:25:35'),(405,113,3.3,1,'2013-12-17 23:25:35'),(406,113,3.3,1,'2013-12-17 23:25:35'),(407,113,3.3,1,'2013-12-17 23:25:35'),(408,113,3.3,1,'2013-12-17 23:25:35'),(409,113,3.3,1,'2013-12-17 23:25:35'),(410,113,3.3,1,'2013-12-17 23:25:35'),(411,113,3.3,1,'2013-12-17 23:25:35'),(412,113,3.3,1,'2013-12-17 23:25:35'),(413,113,3.3,1,'2013-12-17 23:25:35'),(414,113,3.3,1,'2013-12-17 23:25:35'),(415,113,3.3,1,'2013-12-17 23:25:35'),(416,113,3.3,1,'2013-12-17 23:25:35'),(417,113,3.3,1,'2013-12-17 23:25:35'),(418,113,3.3,1,'2013-12-17 23:25:36'),(419,113,3.3,1,'2013-12-17 23:25:36'),(420,113,3.3,1,'2013-12-17 23:25:36'),(421,113,3.3,1,'2013-12-17 23:25:36'),(422,113,3.3,1,'2013-12-17 23:25:36'),(423,113,3.3,1,'2013-12-17 23:25:36'),(424,113,3.3,1,'2013-12-17 23:25:36'),(425,113,3.3,1,'2013-12-17 23:25:36'),(426,113,3.3,1,'2013-12-17 23:25:36'),(427,113,3.3,1,'2013-12-17 23:25:36'),(428,113,3.3,1,'2013-12-17 23:25:36'),(429,113,3.3,1,'2013-12-17 23:25:36'),(430,113,3.3,1,'2013-12-17 23:25:36'),(431,113,3.3,1,'2013-12-17 23:25:36'),(432,113,3.3,1,'2013-12-17 23:25:36'),(433,113,3.3,1,'2013-12-17 23:25:36'),(434,113,3.3,1,'2013-12-17 23:25:36'),(435,113,3.3,1,'2013-12-17 23:25:37'),(436,113,3.3,1,'2013-12-17 23:25:37'),(437,113,3.3,1,'2013-12-17 23:25:37'),(438,113,3.3,1,'2013-12-17 23:25:37'),(439,113,3.3,1,'2013-12-17 23:25:37'),(440,113,3.3,1,'2013-12-17 23:25:37'),(441,113,3.3,1,'2013-12-17 23:25:37'),(442,113,3.3,1,'2013-12-17 23:25:37'),(443,113,3.3,1,'2013-12-17 23:25:37'),(444,113,3.3,1,'2013-12-17 23:25:37'),(445,113,3.3,1,'2013-12-17 23:25:37'),(446,113,3.3,1,'2013-12-17 23:25:37'),(447,113,3.3,1,'2013-12-17 23:25:37'),(448,113,3.3,1,'2013-12-17 23:25:37'),(449,113,3.3,1,'2013-12-17 23:25:37'),(450,113,3.3,1,'2013-12-17 23:25:37'),(451,113,3.3,1,'2013-12-17 23:25:37'),(452,113,3.3,1,'2013-12-17 23:25:37'),(453,113,3.3,1,'2013-12-17 23:25:38'),(454,113,3.3,1,'2013-12-17 23:25:38'),(455,113,3.3,1,'2013-12-17 23:25:38'),(456,113,3.3,1,'2013-12-17 23:25:38'),(457,113,3.3,1,'2013-12-17 23:25:38'),(458,113,3.3,1,'2013-12-17 23:25:38'),(459,113,3.3,1,'2013-12-17 23:25:38'),(460,113,3.3,1,'2013-12-17 23:25:38'),(461,113,3.3,1,'2013-12-17 23:25:38'),(462,113,3.3,1,'2013-12-17 23:25:38'),(463,113,3.3,1,'2013-12-17 23:25:38'),(464,113,3.3,1,'2013-12-17 23:25:38'),(465,113,3.3,1,'2013-12-17 23:25:38'),(466,113,3.3,1,'2013-12-17 23:25:38'),(467,113,3.3,1,'2013-12-17 23:25:38'),(468,113,3.3,1,'2013-12-17 23:25:39'),(469,113,3.3,1,'2013-12-17 23:25:39'),(470,113,3.3,1,'2013-12-17 23:25:39'),(471,113,3.3,1,'2013-12-17 23:25:39'),(472,113,3.3,1,'2013-12-17 23:25:39'),(473,113,3.3,1,'2013-12-17 23:25:39'),(474,113,3.3,1,'2013-12-17 23:25:39'),(475,113,3.3,1,'2013-12-17 23:25:39'),(476,113,3.3,1,'2013-12-17 23:25:39'),(477,113,3.3,1,'2013-12-17 23:25:39'),(478,113,3.3,1,'2013-12-17 23:25:39'),(479,113,3.3,1,'2013-12-17 23:25:39'),(480,113,3.3,1,'2013-12-17 23:25:39'),(481,113,3.3,1,'2013-12-17 23:25:39'),(482,113,3.3,1,'2013-12-17 23:25:39'),(483,113,3.3,1,'2013-12-17 23:25:39'),(484,113,3.3,1,'2013-12-17 23:25:39'),(485,113,3.3,1,'2013-12-17 23:25:40'),(486,113,3.3,1,'2013-12-17 23:25:40'),(487,113,3.3,1,'2013-12-17 23:25:40'),(488,113,3.3,1,'2013-12-17 23:25:40'),(489,113,3.3,1,'2013-12-17 23:25:40'),(490,113,3.3,1,'2013-12-17 23:25:40'),(491,113,3.3,1,'2013-12-17 23:25:40'),(492,113,3.3,1,'2013-12-17 23:25:40'),(493,113,3.3,1,'2013-12-17 23:25:40'),(494,113,3.3,1,'2013-12-17 23:25:40'),(495,113,3.3,1,'2013-12-17 23:25:40'),(496,113,3.3,1,'2013-12-17 23:25:40'),(497,113,3.3,1,'2013-12-17 23:25:40'),(498,113,3.3,1,'2013-12-17 23:25:40'),(499,113,3.3,1,'2013-12-17 23:25:40'),(500,113,3.3,1,'2013-12-17 23:25:40'),(501,113,3.3,1,'2013-12-17 23:25:41'),(502,113,3.3,1,'2013-12-17 23:25:41'),(503,113,3.3,1,'2013-12-17 23:25:41'),(504,113,3.3,1,'2013-12-17 23:25:41'),(505,113,3.3,1,'2013-12-17 23:25:41'),(506,113,3.3,1,'2013-12-17 23:25:41'),(507,113,3.3,1,'2013-12-17 23:25:41'),(508,113,3.3,1,'2013-12-17 23:25:41'),(509,113,3.3,1,'2013-12-17 23:25:41'),(510,113,3.3,1,'2013-12-17 23:25:41'),(511,113,3.3,1,'2013-12-17 23:25:41'),(512,113,3.3,1,'2013-12-17 23:25:41'),(513,113,3.3,1,'2013-12-17 23:25:41'),(514,113,3.3,1,'2013-12-17 23:25:41'),(515,113,3.3,1,'2013-12-17 23:25:42'),(516,113,3.3,1,'2013-12-17 23:25:42'),(517,113,3.3,1,'2013-12-17 23:25:42'),(518,113,3.3,1,'2013-12-17 23:25:42'),(519,113,3.3,1,'2013-12-17 23:25:42'),(520,113,3.3,1,'2013-12-17 23:25:42'),(521,113,3.3,1,'2013-12-17 23:25:42'),(522,113,3.3,1,'2013-12-17 23:25:42'),(523,113,3.3,1,'2013-12-17 23:25:42'),(524,113,3.3,1,'2013-12-17 23:25:42'),(525,113,3.3,1,'2013-12-17 23:25:42'),(526,113,3.3,1,'2013-12-17 23:25:42'),(527,113,3.3,1,'2013-12-17 23:25:42'),(528,113,3.3,1,'2013-12-17 23:25:42'),(529,113,3.3,1,'2013-12-17 23:25:42'),(530,113,3.3,1,'2013-12-17 23:25:42'),(531,113,3.3,1,'2013-12-17 23:25:43'),(532,113,3.3,1,'2013-12-17 23:25:43'),(533,113,3.3,1,'2013-12-17 23:25:43'),(534,113,3.3,1,'2013-12-17 23:25:43'),(535,113,3.3,1,'2013-12-17 23:25:43'),(536,113,3.3,1,'2013-12-17 23:25:43'),(537,113,3.3,1,'2013-12-17 23:25:43'),(538,113,3.3,1,'2013-12-17 23:25:43'),(539,113,3.3,1,'2013-12-17 23:25:44'),(540,113,3.3,1,'2013-12-17 23:25:44'),(541,113,3.3,1,'2013-12-17 23:25:44'),(542,113,3.3,1,'2013-12-17 23:25:44'),(543,113,3.3,1,'2013-12-17 23:25:44'),(544,113,3.3,1,'2013-12-17 23:25:44'),(545,113,3.3,1,'2013-12-17 23:25:44'),(546,113,3.3,1,'2013-12-17 23:25:44'),(547,113,3.3,1,'2013-12-17 23:25:44'),(548,113,3.3,1,'2013-12-17 23:25:44'),(549,113,3.3,1,'2013-12-17 23:25:44'),(550,113,3.3,1,'2013-12-17 23:25:44'),(551,113,3.3,1,'2013-12-17 23:25:44'),(552,113,3.3,1,'2013-12-17 23:25:44'),(553,113,3.3,1,'2013-12-17 23:25:44'),(554,113,3.3,1,'2013-12-17 23:25:44'),(555,113,3.3,1,'2013-12-17 23:25:45'),(556,113,3.3,1,'2013-12-17 23:25:45'),(557,113,3.3,1,'2013-12-17 23:25:45'),(558,113,3.3,1,'2013-12-17 23:25:45'),(559,113,3.3,1,'2013-12-17 23:25:45'),(560,113,3.3,1,'2013-12-17 23:25:45'),(561,113,3.3,1,'2013-12-17 23:25:45'),(562,113,3.3,1,'2013-12-17 23:25:45'),(563,113,3.3,1,'2013-12-17 23:25:45'),(564,113,3.3,1,'2013-12-17 23:25:45'),(565,113,3.3,1,'2013-12-17 23:25:45'),(566,113,3.3,1,'2013-12-17 23:25:45'),(567,113,3.3,1,'2013-12-17 23:25:45'),(568,113,3.3,1,'2013-12-17 23:25:45'),(569,113,3.3,1,'2013-12-17 23:25:45'),(570,113,3.3,1,'2013-12-17 23:25:45'),(571,113,3.3,1,'2013-12-17 23:25:46'),(572,113,3.3,1,'2013-12-17 23:25:46'),(573,113,3.3,1,'2013-12-17 23:25:46'),(574,113,3.3,1,'2013-12-17 23:25:46'),(575,113,3.3,1,'2013-12-17 23:25:46'),(576,113,3.3,1,'2013-12-17 23:25:46'),(577,113,3.3,1,'2013-12-17 23:25:46'),(578,113,3.3,1,'2013-12-17 23:25:46'),(579,113,3.3,1,'2013-12-17 23:25:46'),(580,113,3.3,1,'2013-12-17 23:25:46'),(581,113,3.3,1,'2013-12-17 23:25:46'),(582,113,3.3,1,'2013-12-17 23:25:46'),(583,113,3.3,1,'2013-12-17 23:25:46'),(584,113,3.3,1,'2013-12-17 23:25:46'),(585,113,3.3,1,'2013-12-17 23:25:46'),(586,113,3.3,1,'2013-12-17 23:25:47'),(587,113,3.3,1,'2013-12-17 23:25:47'),(588,113,3.3,1,'2013-12-17 23:25:47'),(589,113,3.3,1,'2013-12-17 23:25:47'),(590,113,3.3,1,'2013-12-17 23:25:47'),(591,113,3.3,1,'2013-12-17 23:25:47'),(592,113,3.3,1,'2013-12-17 23:25:47'),(593,113,3.3,1,'2013-12-17 23:25:47'),(594,113,3.3,1,'2013-12-17 23:25:47'),(595,113,3.3,1,'2013-12-17 23:25:47'),(596,113,3.3,1,'2013-12-17 23:25:47'),(597,113,3.3,1,'2013-12-17 23:25:47'),(598,113,3.3,1,'2013-12-17 23:25:47'),(599,113,3.3,1,'2013-12-17 23:25:47'),(600,113,3.3,1,'2013-12-17 23:25:47'),(601,113,3.3,1,'2013-12-17 23:25:47'),(602,113,3.3,1,'2013-12-17 23:25:48'),(603,113,3.3,1,'2013-12-17 23:25:48'),(604,113,3.3,1,'2013-12-17 23:25:48'),(605,113,3.3,1,'2013-12-17 23:25:48'),(606,113,3.3,1,'2013-12-17 23:25:48'),(607,113,3.3,1,'2013-12-17 23:25:48'),(608,113,3.3,1,'2013-12-17 23:25:48'),(609,113,3.3,1,'2013-12-17 23:25:48'),(610,113,3.3,1,'2013-12-17 23:25:48'),(611,113,3.3,1,'2013-12-17 23:25:48'),(612,113,3.3,1,'2013-12-17 23:25:48'),(613,113,3.3,1,'2013-12-17 23:25:48'),(614,113,3.3,1,'2013-12-17 23:25:48'),(615,113,3.3,1,'2013-12-17 23:25:48'),(616,113,3.3,1,'2013-12-17 23:25:48'),(617,113,3.3,1,'2013-12-17 23:25:49'),(618,113,3.3,1,'2013-12-17 23:25:49'),(619,113,3.3,1,'2013-12-17 23:25:49'),(620,113,3.3,1,'2013-12-17 23:25:49'),(621,113,3.3,1,'2013-12-17 23:25:49'),(622,113,3.3,1,'2013-12-17 23:25:49'),(623,113,3.3,1,'2013-12-17 23:25:49'),(624,113,3.3,1,'2013-12-17 23:25:49'),(625,113,3.3,1,'2013-12-17 23:25:49'),(626,113,3.3,1,'2013-12-17 23:25:49'),(627,113,3.3,1,'2013-12-17 23:25:49'),(628,113,3.3,1,'2013-12-17 23:25:49'),(629,113,3.3,1,'2013-12-17 23:25:49'),(630,113,3.3,1,'2013-12-17 23:25:49'),(631,113,3.3,1,'2013-12-17 23:25:49'),(632,113,3.3,1,'2013-12-17 23:25:49'),(633,113,3.3,1,'2013-12-17 23:25:50'),(634,113,3.3,1,'2013-12-17 23:25:50'),(635,113,3.3,1,'2013-12-17 23:25:50'),(636,113,3.3,1,'2013-12-17 23:25:50'),(637,113,3.3,1,'2013-12-17 23:25:50'),(638,113,3.3,1,'2013-12-17 23:25:50'),(639,113,3.3,1,'2013-12-17 23:25:50'),(640,113,3.3,1,'2013-12-17 23:25:50'),(641,113,3.3,1,'2013-12-17 23:25:50'),(642,113,3.3,1,'2013-12-17 23:25:50'),(643,113,3.3,1,'2013-12-17 23:25:50'),(644,113,3.3,1,'2013-12-17 23:25:50'),(645,113,3.3,1,'2013-12-17 23:25:50'),(646,113,3.3,1,'2013-12-17 23:25:50'),(647,113,3.3,1,'2013-12-17 23:25:50'),(648,113,3.3,1,'2013-12-17 23:25:50'),(649,113,3.3,1,'2013-12-17 23:25:51'),(650,113,3.3,1,'2013-12-17 23:25:51'),(651,113,3.3,1,'2013-12-17 23:25:51'),(652,113,3.3,1,'2013-12-17 23:25:51'),(653,113,3.3,1,'2013-12-17 23:25:51'),(654,113,3.3,1,'2013-12-17 23:25:51'),(655,113,3.3,1,'2013-12-17 23:25:51'),(656,113,3.3,1,'2013-12-17 23:25:51'),(657,113,3.3,1,'2013-12-17 23:25:51'),(658,113,3.3,1,'2013-12-17 23:25:51'),(659,113,3.3,1,'2013-12-17 23:25:51'),(660,113,3.3,1,'2013-12-17 23:25:51'),(661,113,3.3,1,'2013-12-17 23:25:51'),(662,113,3.3,1,'2013-12-17 23:25:51'),(663,113,3.3,1,'2013-12-17 23:25:51'),(664,113,3.3,1,'2013-12-17 23:25:52'),(665,113,3.3,1,'2013-12-17 23:25:52'),(666,113,3.3,1,'2013-12-17 23:25:52'),(667,113,3.3,1,'2013-12-17 23:25:52'),(668,113,3.3,1,'2013-12-17 23:25:52'),(669,113,3.3,1,'2013-12-17 23:25:52'),(670,113,3.3,1,'2013-12-17 23:25:52'),(671,113,3.3,1,'2013-12-17 23:25:52'),(672,113,3.3,1,'2013-12-17 23:25:52'),(673,113,3.3,1,'2013-12-17 23:25:52'),(674,113,3.3,1,'2013-12-17 23:25:52'),(675,113,3.3,1,'2013-12-17 23:25:52'),(676,113,3.3,1,'2013-12-17 23:25:52'),(677,113,3.3,1,'2013-12-17 23:25:52'),(678,113,3.3,1,'2013-12-17 23:25:52'),(679,113,3.3,1,'2013-12-17 23:25:53'),(680,113,3.3,1,'2013-12-17 23:25:53'),(681,113,3.3,1,'2013-12-17 23:25:53'),(682,113,3.3,1,'2013-12-17 23:25:53'),(683,113,3.3,1,'2013-12-17 23:25:53'),(684,113,3.3,1,'2013-12-17 23:25:53'),(685,113,3.3,1,'2013-12-17 23:25:53'),(686,113,3.3,1,'2013-12-17 23:25:53'),(687,113,3.3,1,'2013-12-17 23:25:53'),(688,113,3.3,1,'2013-12-17 23:25:53'),(689,113,3.3,1,'2013-12-17 23:25:53'),(690,113,3.3,1,'2013-12-17 23:25:53'),(691,113,3.3,1,'2013-12-17 23:25:53'),(692,113,3.3,1,'2013-12-17 23:25:54'),(693,113,3.3,1,'2013-12-17 23:25:54'),(694,113,3.3,1,'2013-12-17 23:25:54'),(695,113,3.3,1,'2013-12-17 23:25:54'),(696,113,3.3,1,'2013-12-17 23:25:54'),(697,113,3.3,1,'2013-12-17 23:25:54'),(698,113,3.3,1,'2013-12-17 23:25:54'),(699,113,3.3,1,'2013-12-17 23:25:54'),(700,113,3.3,1,'2013-12-17 23:25:54'),(701,113,3.3,1,'2013-12-17 23:25:54'),(702,113,3.3,1,'2013-12-17 23:25:54'),(703,113,3.3,1,'2013-12-17 23:25:54'),(704,113,3.3,1,'2013-12-17 23:25:54'),(705,113,3.3,1,'2013-12-17 23:25:54'),(706,113,3.3,1,'2013-12-17 23:25:54'),(707,113,3.3,1,'2013-12-17 23:25:55'),(708,113,3.3,1,'2013-12-17 23:25:55'),(709,113,3.3,1,'2013-12-17 23:25:55'),(710,113,3.3,1,'2013-12-17 23:25:55'),(711,113,3.3,1,'2013-12-17 23:25:55'),(712,113,3.3,1,'2013-12-17 23:25:55'),(713,113,3.3,1,'2013-12-17 23:25:55'),(714,113,3.3,1,'2013-12-17 23:25:55'),(715,113,3.3,1,'2013-12-17 23:25:55'),(716,113,3.3,1,'2013-12-17 23:25:55'),(717,113,3.3,1,'2013-12-17 23:25:55'),(718,113,3.3,1,'2013-12-17 23:25:55'),(719,113,3.3,1,'2013-12-17 23:25:55'),(720,113,3.3,1,'2013-12-17 23:25:55'),(721,113,3.3,1,'2013-12-17 23:25:56'),(722,113,3.3,1,'2013-12-17 23:25:56'),(723,113,3.3,1,'2013-12-17 23:25:56'),(724,113,3.3,1,'2013-12-17 23:25:56'),(725,113,3.3,1,'2013-12-17 23:25:56'),(726,113,3.3,1,'2013-12-17 23:25:56'),(727,113,3.3,1,'2013-12-17 23:25:56'),(728,113,3.3,1,'2013-12-17 23:25:56'),(729,113,3.3,1,'2013-12-17 23:25:56'),(730,113,3.3,1,'2013-12-17 23:25:56'),(731,113,3.3,1,'2013-12-17 23:25:56'),(732,113,3.3,1,'2013-12-17 23:25:56'),(733,113,3.3,1,'2013-12-17 23:25:56'),(734,113,3.3,1,'2013-12-17 23:25:57'),(735,113,3.3,1,'2013-12-17 23:25:57'),(736,113,3.3,1,'2013-12-17 23:25:57'),(737,113,3.3,1,'2013-12-17 23:25:57'),(738,113,3.3,1,'2013-12-17 23:25:57'),(739,113,3.3,1,'2013-12-17 23:25:57'),(740,113,3.3,1,'2013-12-17 23:25:57'),(741,113,3.3,1,'2013-12-17 23:25:57'),(742,113,3.3,1,'2013-12-17 23:25:57'),(743,113,3.3,1,'2013-12-17 23:25:57'),(744,113,3.3,1,'2013-12-17 23:25:57'),(745,113,3.3,1,'2013-12-17 23:25:57'),(746,113,3.3,1,'2013-12-17 23:25:57'),(747,113,3.3,1,'2013-12-17 23:25:58'),(748,113,3.3,1,'2013-12-17 23:25:58'),(749,113,3.3,1,'2013-12-17 23:25:58'),(750,113,3.3,1,'2013-12-17 23:25:58'),(751,113,3.3,1,'2013-12-17 23:25:58'),(752,113,3.3,1,'2013-12-17 23:25:58'),(753,113,3.3,1,'2013-12-17 23:25:58'),(754,113,3.3,1,'2013-12-17 23:25:58'),(755,113,3.3,1,'2013-12-17 23:25:58'),(756,113,3.3,1,'2013-12-17 23:25:58'),(757,113,3.3,1,'2013-12-17 23:25:58'),(758,113,3.3,1,'2013-12-17 23:25:58'),(759,113,3.3,1,'2013-12-17 23:25:58'),(760,113,3.3,1,'2013-12-17 23:25:58'),(761,113,3.3,1,'2013-12-17 23:25:59'),(762,113,3.3,1,'2013-12-17 23:25:59'),(763,113,3.3,1,'2013-12-17 23:25:59'),(764,113,3.3,1,'2013-12-17 23:25:59'),(765,113,3.3,1,'2013-12-17 23:25:59'),(766,113,3.3,1,'2013-12-17 23:25:59'),(767,113,3.3,1,'2013-12-17 23:25:59'),(768,113,3.3,1,'2013-12-17 23:25:59'),(769,113,3.3,1,'2013-12-17 23:25:59'),(770,113,3.3,1,'2013-12-17 23:25:59'),(771,113,3.3,1,'2013-12-17 23:25:59'),(772,113,3.3,1,'2013-12-17 23:25:59'),(773,113,3.3,1,'2013-12-17 23:25:59'),(774,113,3.3,1,'2013-12-17 23:26:00'),(775,113,3.3,1,'2013-12-17 23:26:00'),(776,113,3.3,1,'2013-12-17 23:26:00'),(777,113,3.3,1,'2013-12-17 23:26:00'),(778,113,3.3,1,'2013-12-17 23:26:00'),(779,113,3.3,1,'2013-12-17 23:26:00'),(780,113,3.3,1,'2013-12-17 23:26:00'),(781,113,3.3,1,'2013-12-17 23:26:00'),(782,113,3.3,1,'2013-12-17 23:26:00'),(783,113,3.3,1,'2013-12-17 23:26:00'),(784,113,3.3,1,'2013-12-17 23:26:00'),(785,113,3.3,1,'2013-12-17 23:26:00'),(786,113,3.3,1,'2013-12-17 23:26:00'),(787,113,3.3,1,'2013-12-17 23:26:01'),(788,113,3.3,1,'2013-12-17 23:26:01'),(789,113,3.3,1,'2013-12-17 23:26:01'),(790,113,3.3,1,'2013-12-17 23:26:01'),(791,113,3.3,1,'2013-12-17 23:26:01'),(792,113,3.3,1,'2013-12-17 23:26:01'),(793,113,3.3,1,'2013-12-17 23:26:01'),(794,113,3.3,1,'2013-12-17 23:26:01'),(795,113,3.3,1,'2013-12-17 23:26:01'),(796,113,3.3,1,'2013-12-17 23:26:01'),(797,113,3.3,1,'2013-12-17 23:26:01'),(798,113,3.3,1,'2013-12-17 23:26:01'),(799,113,3.3,1,'2013-12-17 23:26:01'),(800,113,3.3,1,'2013-12-17 23:26:02'),(801,113,3.3,1,'2013-12-17 23:26:02'),(802,113,3.3,1,'2013-12-17 23:26:02'),(803,113,3.3,1,'2013-12-17 23:26:02'),(804,113,3.3,1,'2013-12-17 23:26:02'),(805,113,3.3,1,'2013-12-17 23:26:02'),(806,113,3.3,1,'2013-12-17 23:26:02'),(807,113,3.3,1,'2013-12-17 23:26:02'),(808,113,3.3,1,'2013-12-17 23:26:02'),(809,113,3.3,1,'2013-12-17 23:26:02'),(810,113,3.3,1,'2013-12-17 23:26:02'),(811,113,3.3,1,'2013-12-17 23:26:02'),(812,113,3.3,1,'2013-12-17 23:26:03'),(813,113,3.3,1,'2013-12-17 23:26:03'),(814,113,3.3,1,'2013-12-17 23:26:03'),(815,113,3.3,1,'2013-12-17 23:26:03'),(816,113,3.3,1,'2013-12-17 23:26:03'),(817,113,3.3,1,'2013-12-17 23:26:03'),(818,113,3.3,1,'2013-12-17 23:26:03'),(819,113,3.3,1,'2013-12-17 23:26:03'),(820,113,3.3,1,'2013-12-17 23:26:03'),(821,113,3.3,1,'2013-12-17 23:26:03'),(822,113,3.3,1,'2013-12-17 23:26:03'),(823,113,3.3,1,'2013-12-17 23:26:03'),(824,113,3.3,1,'2013-12-17 23:26:03'),(825,113,3.3,1,'2013-12-17 23:26:04'),(826,113,3.3,1,'2013-12-17 23:26:04'),(827,113,3.3,1,'2013-12-17 23:26:04'),(828,113,3.3,1,'2013-12-17 23:26:04'),(829,113,3.3,1,'2013-12-17 23:26:04'),(830,113,3.3,1,'2013-12-17 23:26:04'),(831,113,3.3,1,'2013-12-17 23:26:04'),(832,113,3.3,1,'2013-12-17 23:26:04'),(833,113,3.3,1,'2013-12-17 23:26:04'),(834,113,3.4,1,'2013-12-17 23:33:43'),(835,113,3.3,1,'2013-12-17 23:34:25'),(836,113,3.4,1,'2013-12-17 23:37:01'),(837,113,3.3,1,'2013-12-17 23:47:55'),(838,113,3.4,1,'2013-12-17 23:50:56'),(839,113,3.3,1,'2013-12-17 23:51:08'),(840,112,206,1,'2013-12-23 19:31:50');
/*!40000 ALTER TABLE `parameter_data` ENABLE KEYS */;
UNLOCK TABLES;

--
-- Table structure for table `parameters`
--

DROP TABLE IF EXISTS `parameters`;
/*!40101 SET @saved_cs_client     = @@character_set_client */;
/*!40101 SET character_set_client = utf8 */;
CREATE TABLE `parameters` (
  `ID` int(11) NOT NULL AUTO_INCREMENT,
  `name` varchar(100) NOT NULL,
  `abbreviation` varchar(30) NOT NULL,
  `unit` varchar(20) NOT NULL,
  `constant` tinyint(1) NOT NULL,
  `category` int(4) NOT NULL,
  PRIMARY KEY (`ID`),
  UNIQUE KEY `paramter` (`name`)
) ENGINE=InnoDB AUTO_INCREMENT=114 DEFAULT CHARSET=utf8;
/*!40101 SET character_set_client = @saved_cs_client */;

--
-- Dumping data for table `parameters`
--

LOCK TABLES `parameters` WRITE;
/*!40000 ALTER TABLE `parameters` DISABLE KEYS */;
INSERT INTO `parameters` VALUES (59,'Diameter of the pylon','Dpylon','m',0,6),(60,'Distance between two line of pylon','cspan','m',0,6),(61,'Height of the lower beam','hbeam','m',0,6),(62,'Height of the reference of the bottom of the river','bottom_ref','m',0,6),(63,'Distance between the pulvino and the inferior beam','h1','m',0,6),(64,'Distance between the inferior beam and the bottom_ref','h2','m',0,6),(65,'Mean value of h1','(h1)/2','m',0,6),(66,'Sinking of the joints over the ground','k','m',0,6),(67,'Width of the chassis','d','m',0,6),(68,'Planimetric anticlockwise inclination of the bridge form the north','α','°',0,5),(69,'Drag planking coefficient','CDwi','',0,5),(70,'Air density','ρair','Kg/m3',0,5),(71,'Planking area exposed to the wind pressure','Astack','m2',0,5),(72,'Surface of traffic exposed to the wind pressure','Atraf','m2',0,5),(73,'Coefficient of reduction for A1 and A2 traffic scenarios','β1','',0,5),(74,'Coefficient of reduction for A3 traffic scenario','β2','',0,5),(75,'Thrust center due to longitudinal asymmetry, only of SVplank','r','m',0,5),(76,'arm for bending moment of SVplank','eplank','m',0,5),(77,'arm for bending moment of SVtraf','etraf','m',0,5),(78,'Drag planking coefficient (D=0)','CD0wa','',0,4),(79,'Drag planking coefficient (D=1)','CD1wa','',0,4),(80,'Water density','ρwater','Kg/m3',0,4),(81,'Area reduction for D=1','βA','',0,4),(82,'Coefficient a for the relation Vwater([IDRO1])','a','',0,4),(83,'Coefficient b for the relation Vwater([IDRO1])','b','',0,4),(84,'Coefficient c for the relation Vwater([IDRO1])','c','',0,4),(85,'Height limit of the river for parameters a1,b1,c1','hwater1','m',0,4),(86,'Coefficient a1 for Q(h) when [IDRO1] < hwater1','a1','',0,4),(87,'Coefficient b1 for Q(h) when [IDRO1] < hwater1','b1','',0,4),(88,'Coefficient c1 for Q(h) when [IDRO1] < hwater1','c1','',0,4),(89,'Height limit of the river for parameters a2,b2,c2','hwater2','m',0,4),(90,'Coefficient a2 for Q(h) when [IDRO1] < hwater2','a2','',0,4),(91,'Coefficient b2 for Q(h) when [IDRO1] < hwater2','b2','',0,4),(92,'Coefficient c2 for Q(h) when [IDRO1] < hwater2','c2','',0,4),(93,'Max height level of river and limit for use parameter a3,b3,c3','hmax','m',0,4),(94,'Coefficient a3 for Q(h) when hwater2 < [IDRO1] < hmax','a3','',0,4),(95,'Coefficient b3 for Q(h) when hwater2 < [IDRO1] < hmax','b3','',0,4),(96,'Coefficient c3 for Q(h) when hwater2 < [IDRO1] < hmax','c3','',0,4),(97,'Plank weight on the stack','Pp','kN',0,3),(98,'Weight of single pulvino','Ppu','kN',0,3),(99,'Weight of the trunk of pylon','Ptp','kN',0,3),(100,'Weight of the single beam','Pb','kN',0,3),(101,'Weight per meter of pylon','Ppy','kN/m',0,3),(102,'Moment generated by asymmetry','Mt','kNm',0,3),(103,'Axial load for load combination A1','N(A1)','kN',0,2),(104,'Bending moment xx for load combination A1','Mxx(A1)','kNm',0,2),(105,'Bending moment yy for load combination A1','Myy(A1)','kNm',0,2),(106,'Axial load for load combination A2','N(A2)','kN',0,2),(107,'Bending moment xx for load combination A2','Mxx(A2)','kNm',0,2),(108,'Bending moment yy for load combination A2','Myy(A2)','kNm',0,2),(109,'Axial load for load combination A3','N(A3)','kN',0,2),(110,'Bending moment xx for load combination A3','Mxx(A3)','kNm',0,2),(111,'Bending moment yy for load combination A3','Myy(A3)','kNm',0,2),(112,'Value of the force due to the vehicle braking','Fr','kN',0,1),(113,'arm for the vehicle braking moment','n','m',0,1);
/*!40000 ALTER TABLE `parameters` ENABLE KEYS */;
UNLOCK TABLES;

--
-- Table structure for table `parsed_input_files`
--

DROP TABLE IF EXISTS `parsed_input_files`;
/*!40101 SET @saved_cs_client     = @@character_set_client */;
/*!40101 SET character_set_client = utf8 */;
CREATE TABLE `parsed_input_files` (
  `ID` int(11) NOT NULL AUTO_INCREMENT,
  `name` varchar(100) NOT NULL,
  `type` tinyint(4) NOT NULL,
  `stored_path` varchar(200) NOT NULL,
  `successfully_parsed` tinyint(1) NOT NULL,
  `timestamp` timestamp NOT NULL DEFAULT CURRENT_TIMESTAMP ON UPDATE CURRENT_TIMESTAMP,
  PRIMARY KEY (`ID`),
  UNIQUE KEY `name` (`name`),
  KEY `timestamp_index` (`timestamp`)
) ENGINE=InnoDB DEFAULT CHARSET=utf8;
/*!40101 SET character_set_client = @saved_cs_client */;

--
-- Dumping data for table `parsed_input_files`
--

LOCK TABLES `parsed_input_files` WRITE;
/*!40000 ALTER TABLE `parsed_input_files` DISABLE KEYS */;
/*!40000 ALTER TABLE `parsed_input_files` ENABLE KEYS */;
UNLOCK TABLES;

--
-- Table structure for table `pictures`
--

DROP TABLE IF EXISTS `pictures`;
/*!40101 SET @saved_cs_client     = @@character_set_client */;
/*!40101 SET character_set_client = utf8 */;
CREATE TABLE `pictures` (
  `ID` int(11) NOT NULL AUTO_INCREMENT,
  `path` varchar(500) NOT NULL,
  `timestamp` timestamp NOT NULL DEFAULT CURRENT_TIMESTAMP ON UPDATE CURRENT_TIMESTAMP,
  `camera` int(11) NOT NULL,
  PRIMARY KEY (`ID`)
) ENGINE=InnoDB DEFAULT CHARSET=utf8;
/*!40101 SET character_set_client = @saved_cs_client */;

--
-- Dumping data for table `pictures`
--

LOCK TABLES `pictures` WRITE;
/*!40000 ALTER TABLE `pictures` DISABLE KEYS */;
/*!40000 ALTER TABLE `pictures` ENABLE KEYS */;
UNLOCK TABLES;

--
-- Table structure for table `sensor_data_10_min`
--

DROP TABLE IF EXISTS `sensor_data_10_min`;
/*!40101 SET @saved_cs_client     = @@character_set_client */;
/*!40101 SET character_set_client = utf8 */;
CREATE TABLE `sensor_data_10_min` (
  `ID` int(10) NOT NULL AUTO_INCREMENT,
  `wind_speed` float DEFAULT NULL,
  `wind_direction` float DEFAULT NULL,
  `wind_speed_max` float DEFAULT NULL,
  `wind_direction_max` float DEFAULT NULL,
  `hydrometer` float DEFAULT NULL,
  `hydrometer_variance` float DEFAULT NULL,
  `sonar` float DEFAULT NULL,
  `sonar_variance` float DEFAULT NULL,
  `sonar_perc_correct` float DEFAULT NULL,
  `sonar_perc_wrong` float DEFAULT NULL,
  `sonar_perc_outOfWater` float DEFAULT NULL,
  `sonar_perc_error` float DEFAULT NULL,
  `sonar_perc_uncertain` float DEFAULT NULL,
  `safety_factor_00` float DEFAULT NULL,
  `safety_factor_01` float DEFAULT NULL,
  `safety_factor_10` float DEFAULT NULL,
  `safety_factor_11` float DEFAULT NULL,
  `water_speed` float DEFAULT NULL,
  `water_flow_rate` float DEFAULT NULL,
  `timestamp` timestamp NOT NULL DEFAULT CURRENT_TIMESTAMP ON UPDATE CURRENT_TIMESTAMP,
  PRIMARY KEY (`ID`),
  KEY `timestamp_index` (`timestamp`)
) ENGINE=InnoDB DEFAULT CHARSET=utf8;
/*!40101 SET character_set_client = @saved_cs_client */;

--
-- Dumping data for table `sensor_data_10_min`
--

LOCK TABLES `sensor_data_10_min` WRITE;
/*!40000 ALTER TABLE `sensor_data_10_min` DISABLE KEYS */;
/*!40000 ALTER TABLE `sensor_data_10_min` ENABLE KEYS */;
UNLOCK TABLES;

--
-- Table structure for table `sensor_data_1_day`
--

DROP TABLE IF EXISTS `sensor_data_1_day`;
/*!40101 SET @saved_cs_client     = @@character_set_client */;
/*!40101 SET character_set_client = utf8 */;
CREATE TABLE `sensor_data_1_day` (
  `ID` int(10) NOT NULL AUTO_INCREMENT,
  `wind_speed` float NOT NULL,
  `wind_direction` float NOT NULL,
  `wind_speed_max` float NOT NULL,
  `wind_direction_max` float NOT NULL,
  `hydrometer` float NOT NULL,
  `hydrometer_variance` float DEFAULT NULL,
  `sonar` float DEFAULT NULL,
  `sonar_variance` float DEFAULT NULL,
  `sonar_perc_correct` float DEFAULT NULL,
  `sonar_perc_wrong` float DEFAULT NULL,
  `sonar_perc_outOfWater` float DEFAULT NULL,
  `sonar_perc_error` float DEFAULT NULL,
  `sonar_perc_uncertain` float DEFAULT NULL,
  `safety_factor_00` float DEFAULT NULL,
  `safety_factor_01` float DEFAULT NULL,
  `safety_factor_10` float DEFAULT NULL,
  `safety_factor_11` float DEFAULT NULL,
  `water_speed` float DEFAULT NULL,
  `water_flow_rate` float DEFAULT NULL,
  `timestamp` timestamp NOT NULL DEFAULT CURRENT_TIMESTAMP ON UPDATE CURRENT_TIMESTAMP,
  PRIMARY KEY (`ID`),
  KEY `timestamp_index` (`timestamp`)
) ENGINE=InnoDB DEFAULT CHARSET=utf8;
/*!40101 SET character_set_client = @saved_cs_client */;

--
-- Dumping data for table `sensor_data_1_day`
--

LOCK TABLES `sensor_data_1_day` WRITE;
/*!40000 ALTER TABLE `sensor_data_1_day` DISABLE KEYS */;
/*!40000 ALTER TABLE `sensor_data_1_day` ENABLE KEYS */;
UNLOCK TABLES;

--
-- Table structure for table `sensor_data_1_hour`
--

DROP TABLE IF EXISTS `sensor_data_1_hour`;
/*!40101 SET @saved_cs_client     = @@character_set_client */;
/*!40101 SET character_set_client = utf8 */;
CREATE TABLE `sensor_data_1_hour` (
  `ID` int(10) NOT NULL AUTO_INCREMENT,
  `wind_speed` float DEFAULT NULL,
  `wind_direction` float DEFAULT NULL,
  `wind_speed_max` float DEFAULT NULL,
  `wind_direction_max` float DEFAULT NULL,
  `hydrometer` float DEFAULT NULL,
  `hydrometer_variance` float DEFAULT NULL,
  `sonar` float DEFAULT NULL,
  `sonar_variance` float DEFAULT NULL,
  `sonar_perc_correct` float DEFAULT NULL,
  `sonar_perc_wrong` float DEFAULT NULL,
  `sonar_perc_outOfWater` float DEFAULT NULL,
  `sonar_perc_error` float DEFAULT NULL,
  `sonar_perc_uncertain` float DEFAULT NULL,
  `safety_factor_00` float DEFAULT NULL,
  `safety_factor_01` float DEFAULT NULL,
  `safety_factor_10` float DEFAULT NULL,
  `safety_factor_11` float DEFAULT NULL,
  `water_speed` float DEFAULT NULL,
  `water_flow_rate` float DEFAULT NULL,
  `timestamp` timestamp NOT NULL DEFAULT CURRENT_TIMESTAMP ON UPDATE CURRENT_TIMESTAMP,
  PRIMARY KEY (`ID`),
  KEY `timestamp_index` (`timestamp`)
) ENGINE=InnoDB DEFAULT CHARSET=utf8;
/*!40101 SET character_set_client = @saved_cs_client */;

--
-- Dumping data for table `sensor_data_1_hour`
--

LOCK TABLES `sensor_data_1_hour` WRITE;
/*!40000 ALTER TABLE `sensor_data_1_hour` DISABLE KEYS */;
/*!40000 ALTER TABLE `sensor_data_1_hour` ENABLE KEYS */;
UNLOCK TABLES;

--
-- Table structure for table `sensor_data_raw`
--

DROP TABLE IF EXISTS `sensor_data_raw`;
/*!40101 SET @saved_cs_client     = @@character_set_client */;
/*!40101 SET character_set_client = utf8 */;
CREATE TABLE `sensor_data_raw` (
  `ID` int(10) NOT NULL AUTO_INCREMENT,
  `wind_speed` float NOT NULL,
  `wind_direction` float NOT NULL,
  `hydrometer` float NOT NULL,
  `sonar` float NOT NULL,
  `sonar_type` int(2) NOT NULL,
  `timestamp` timestamp NOT NULL DEFAULT CURRENT_TIMESTAMP ON UPDATE CURRENT_TIMESTAMP,
  PRIMARY KEY (`ID`),
  KEY `timestamp_index` (`timestamp`)
) ENGINE=InnoDB DEFAULT CHARSET=utf8;
/*!40101 SET character_set_client = @saved_cs_client */;

--
-- Dumping data for table `sensor_data_raw`
--

LOCK TABLES `sensor_data_raw` WRITE;
/*!40000 ALTER TABLE `sensor_data_raw` DISABLE KEYS */;
/*!40000 ALTER TABLE `sensor_data_raw` ENABLE KEYS */;
UNLOCK TABLES;

--
-- Table structure for table `settings`
--

DROP TABLE IF EXISTS `settings`;
/*!40101 SET @saved_cs_client     = @@character_set_client */;
/*!40101 SET character_set_client = utf8 */;
CREATE TABLE `settings` (
  `ID` int(11) NOT NULL,
  `name` varchar(100) NOT NULL,
  `value` varchar(100) NOT NULL,
  PRIMARY KEY (`ID`),
  UNIQUE KEY `name` (`name`)
) ENGINE=InnoDB DEFAULT CHARSET=utf8;
/*!40101 SET character_set_client = @saved_cs_client */;

--
-- Dumping data for table `settings`
--

LOCK TABLES `settings` WRITE;
/*!40000 ALTER TABLE `settings` DISABLE KEYS */;
/*!40000 ALTER TABLE `settings` ENABLE KEYS */;
UNLOCK TABLES;

--
-- Table structure for table `users`
--

DROP TABLE IF EXISTS `users`;
/*!40101 SET @saved_cs_client     = @@character_set_client */;
/*!40101 SET character_set_client = utf8 */;
CREATE TABLE `users` (
  `ID` int(11) NOT NULL AUTO_INCREMENT,
  `username` varchar(50) NOT NULL,
  `surename` varchar(50) DEFAULT NULL,
  `lastname` varchar(50) DEFAULT NULL,
  `password` varchar(250) NOT NULL,
  `email` varchar(50) DEFAULT NULL,
  PRIMARY KEY (`ID`),
  UNIQUE KEY `username` (`username`)
) ENGINE=InnoDB AUTO_INCREMENT=13 DEFAULT CHARSET=utf8;
/*!40101 SET character_set_client = @saved_cs_client */;

--
-- Dumping data for table `users`
--

LOCK TABLES `users` WRITE;
/*!40000 ALTER TABLE `users` DISABLE KEYS */;
INSERT INTO `users` VALUES (3,'admin','bridge','monitoring','dsdbestteam','mail@example.com');
/*!40000 ALTER TABLE `users` ENABLE KEYS */;
UNLOCK TABLES;

--
-- Table structure for table `users_roles`
--

DROP TABLE IF EXISTS `users_roles`;
/*!40101 SET @saved_cs_client     = @@character_set_client */;
/*!40101 SET character_set_client = utf8 */;
CREATE TABLE `users_roles` (
  `ID` int(11) NOT NULL AUTO_INCREMENT,
  `username` varchar(50) NOT NULL,
  `role` varchar(50) NOT NULL,
  `userID` int(11) NOT NULL,
  PRIMARY KEY (`ID`)
) ENGINE=InnoDB AUTO_INCREMENT=13 DEFAULT CHARSET=utf8;
/*!40101 SET character_set_client = @saved_cs_client */;

--
-- Dumping data for table `users_roles`
--

LOCK TABLES `users_roles` WRITE;
/*!40000 ALTER TABLE `users_roles` DISABLE KEYS */;
INSERT INTO `users_roles` VALUES (2,'mate','Administrator',2),(4,'engineer','Engineer',3),(5,'user','User',4),(6,'user','User',5),(8,'test','User',8),(9,'test1','Administrator',9),(10,'test2','Administrator',10),(11,'ROBERTTHEBEST','Administrator',11),(12,'nikolaSUCKS','User',12);
/*!40000 ALTER TABLE `users_roles` ENABLE KEYS */;
UNLOCK TABLES;

--
-- Table structure for table `worst_case_00`
--

DROP TABLE IF EXISTS `worst_case_00`;
/*!40101 SET @saved_cs_client     = @@character_set_client */;
/*!40101 SET character_set_client = utf8 */;
CREATE TABLE `worst_case_00` (
  `ID` int(10) NOT NULL AUTO_INCREMENT,
  `pylon_number` int(11) NOT NULL,
  `N` float NOT NULL,
  `Tx` float NOT NULL,
  `Ty` float NOT NULL,
  `Mx` float NOT NULL,
  `My` float NOT NULL,
  `M` float NOT NULL,
  `cs` float NOT NULL,
  `comb_number` int(11) DEFAULT NULL,
  `timestamp` timestamp NOT NULL DEFAULT CURRENT_TIMESTAMP ON UPDATE CURRENT_TIMESTAMP,
  PRIMARY KEY (`ID`),
  KEY `timestamp_index` (`timestamp`)
) ENGINE=MyISAM DEFAULT CHARSET=latin1;
/*!40101 SET character_set_client = @saved_cs_client */;

--
-- Dumping data for table `worst_case_00`
--

LOCK TABLES `worst_case_00` WRITE;
/*!40000 ALTER TABLE `worst_case_00` DISABLE KEYS */;
/*!40000 ALTER TABLE `worst_case_00` ENABLE KEYS */;
UNLOCK TABLES;

--
-- Table structure for table `worst_case_01`
--

DROP TABLE IF EXISTS `worst_case_01`;
/*!40101 SET @saved_cs_client     = @@character_set_client */;
/*!40101 SET character_set_client = utf8 */;
CREATE TABLE `worst_case_01` (
  `ID` int(10) NOT NULL AUTO_INCREMENT,
  `pylon_number` int(11) NOT NULL,
  `N` float NOT NULL,
  `Tx` float NOT NULL,
  `Ty` float NOT NULL,
  `Mx` float NOT NULL,
  `My` float NOT NULL,
  `M` float NOT NULL,
  `cs` float NOT NULL,
  `comb_number` int(11) DEFAULT NULL,
  `timestamp` timestamp NOT NULL DEFAULT CURRENT_TIMESTAMP ON UPDATE CURRENT_TIMESTAMP,
  PRIMARY KEY (`ID`),
  KEY `timestamp_index` (`timestamp`)
) ENGINE=MyISAM DEFAULT CHARSET=latin1;
/*!40101 SET character_set_client = @saved_cs_client */;

--
-- Dumping data for table `worst_case_01`
--

LOCK TABLES `worst_case_01` WRITE;
/*!40000 ALTER TABLE `worst_case_01` DISABLE KEYS */;
/*!40000 ALTER TABLE `worst_case_01` ENABLE KEYS */;
UNLOCK TABLES;

--
-- Table structure for table `worst_case_10`
--

DROP TABLE IF EXISTS `worst_case_10`;
/*!40101 SET @saved_cs_client     = @@character_set_client */;
/*!40101 SET character_set_client = utf8 */;
CREATE TABLE `worst_case_10` (
  `ID` int(10) NOT NULL AUTO_INCREMENT,
  `pylon_number` int(11) NOT NULL,
  `N` float NOT NULL,
  `Tx` float NOT NULL,
  `Ty` float NOT NULL,
  `Mx` float NOT NULL,
  `My` float NOT NULL,
  `M` float NOT NULL,
  `cs` float NOT NULL,
  `comb_number` int(11) DEFAULT NULL,
  `timestamp` timestamp NOT NULL DEFAULT CURRENT_TIMESTAMP ON UPDATE CURRENT_TIMESTAMP,
  PRIMARY KEY (`ID`),
  KEY `timestamp_index` (`timestamp`)
) ENGINE=MyISAM DEFAULT CHARSET=latin1;
/*!40101 SET character_set_client = @saved_cs_client */;

--
-- Dumping data for table `worst_case_10`
--

LOCK TABLES `worst_case_10` WRITE;
/*!40000 ALTER TABLE `worst_case_10` DISABLE KEYS */;
/*!40000 ALTER TABLE `worst_case_10` ENABLE KEYS */;
UNLOCK TABLES;

--
-- Table structure for table `worst_case_11`
--

DROP TABLE IF EXISTS `worst_case_11`;
/*!40101 SET @saved_cs_client     = @@character_set_client */;
/*!40101 SET character_set_client = utf8 */;
CREATE TABLE `worst_case_11` (
  `ID` int(10) NOT NULL AUTO_INCREMENT,
  `pylon_number` int(11) NOT NULL,
  `N` float NOT NULL,
  `Tx` float NOT NULL,
  `Ty` float NOT NULL,
  `Mx` float NOT NULL,
  `My` float NOT NULL,
  `M` float NOT NULL,
  `cs` float NOT NULL,
  `comb_number` int(11) DEFAULT NULL,
  `timestamp` timestamp NOT NULL DEFAULT CURRENT_TIMESTAMP ON UPDATE CURRENT_TIMESTAMP,
  PRIMARY KEY (`ID`),
  KEY `timestamp_index` (`timestamp`)
) ENGINE=MyISAM DEFAULT CHARSET=latin1;
/*!40101 SET character_set_client = @saved_cs_client */;

--
-- Dumping data for table `worst_case_11`
--

LOCK TABLES `worst_case_11` WRITE;
/*!40000 ALTER TABLE `worst_case_11` DISABLE KEYS */;
/*!40000 ALTER TABLE `worst_case_11` ENABLE KEYS */;
UNLOCK TABLES;

--
-- Dumping routines for database 'rtbm'
--
/*!40103 SET TIME_ZONE=@OLD_TIME_ZONE */;

/*!40101 SET SQL_MODE=@OLD_SQL_MODE */;
/*!40014 SET FOREIGN_KEY_CHECKS=@OLD_FOREIGN_KEY_CHECKS */;
/*!40014 SET UNIQUE_CHECKS=@OLD_UNIQUE_CHECKS */;
/*!40101 SET CHARACTER_SET_CLIENT=@OLD_CHARACTER_SET_CLIENT */;
/*!40101 SET CHARACTER_SET_RESULTS=@OLD_CHARACTER_SET_RESULTS */;
/*!40101 SET COLLATION_CONNECTION=@OLD_COLLATION_CONNECTION */;
/*!40111 SET SQL_NOTES=@OLD_SQL_NOTES */;

-- Dump completed on 2014-01-13 23:20:06
